ParticipantID,StimOrientation,Direction,ResponseTime,IsOddBall,WaveSpeed
TEST,SpiralL,right,0.568297599995276,N,1.6514382999836623
TEST,SpiralR,Left,3.000034199998481,N,1.6514382999836623
TEST,ConcentricR,right,1.198407900010352,N,1.1767461599927629
TEST,ConcentricL,Left,3.0000347000022884,N,1.1767461599927629
TEST,RadialL,Left,3.000038300000597,N,1.1713307249883655
TEST,SpiralR,left,0.04645310000341851,Y,1.6514382999836623
TEST,RadialR,up,1.2666439000022365,N,1.1713307249883655
