ParticipantID,StimOrientation,Direction,ResponseTime,IsOddBall,WaveSpeed
TEST,ConcentricL,Left,3.000007499998901,N,1.1713307249883655
TEST,SpiralR,Left,3.000009700001101,N,2.1930086499778554
TEST,RadialL,Left,3.000013899989426,N,1.1713307249883655
TEST,SpiralL,Left,3.0000125000078697,N,2.1930086499778554
TEST,ConcentricR,Left,3.000013700002455,N,1.1713307249883655
TEST,RadialR,Left,3.0000075999996625,N,1.1713307249883655
TEST,RadialL,lalt,12.334156800003257,Y,1.1713307249883655
